Column1,Column5,Column9
가깝,Adjective,*
가깝디가깝,Adjective,*
가냐프,Adjective,*
가냘프,Adjective,*
가녀리,Adjective,*
가느다랗,Adjective,*
가느닿,Adjective,*
가느랗,Adjective,*
가늘,Adjective,*
가늘디가늘,Adjective,*
가닐,Adjective,*
가당찮,Adjective,*
가득차,Adjective,*
가랍,Adjective,*
가량스럽,Adjective,*
가량없,Adjective,*
가련스럽,Adjective,*
가련하,Adjective,*
가렵,Adjective,*
가린스럽,Adjective,*
가만있,Adjective,*
가맣,Adjective,*
가멸,Adjective,*
가물,Adjective,*
가뭇없,Adjective,*
가볍,Adjective,*
가볍디가볍,Adjective,*
가쁘,Adjective,*
가살스럽,Adjective,*
가살지,Adjective,*
가소롭,Adjective,*
가없,Adjective,*
가열차,Adjective,*
가엷,Adjective,*
가엽,Adjective,*
가엾,Adjective,*
가즈럽,Adjective,*
가증스럽,Adjective,*
가찹,Adjective,*
가치롭,Adjective,*
가탈스럽,Adjective,*
가파롭,Adjective,*
가파르,Adjective,*
가팔르,Adjective,*
가팔막지,Adjective,*
가풀막지,Adjective,*
가프,Adjective,*
가혹스럽,Adjective,*
각,Adjective,*
각박스럽,Adjective,*
각별나,Adjective,*
간곳없,Adjective,*
간교롭,Adjective,*
간교스럽,Adjective,*
간데없,Adjective,*
간드러지,Adjective,*
간들어지,Adjective,*
간사스럽,Adjective,*
간살스럽,Adjective,*
간악스럽,Adjective,*
간지럽,Adjective,*
간특스럽,Adjective,*
간편스럽,Adjective,*
간활스럽,Adjective,*
간흉스럽,Adjective,*
갈급스럽,Adjective,*
갈데없,Adjective,*
감,Adjective,*
감격스럽,Adjective,*
감노랗,Adjective,*
감노르,Adjective,*
감디감,Adjective,*
감명깊,Adjective,*
감미롭,Adjective,*
감사납,Adjective,*
감질나,Adjective,*
감쪽같,Adjective,*
감탄스럽,Adjective,*
감파랗,Adjective,*
감파르,Adjective,*
갑갑스럽,Adjective,*
갑작스럽,Adjective,*
값비싸,Adjective,*
값싸,Adjective,*
값있,Adjective,*
값지,Adjective,*
갓,Adjective,*
갓,Adjective,*
강강하,Adjective,*
강녕하,Adjective,*
강단지,Adjective,*
강마르,Adjective,*
강직스럽,Adjective,*
강파르,Adjective,*
강팍하,Adjective,*
강팔지,Adjective,*
강하,Adjective,*
갖,Adjective,*
갖은,Adjective,*
같,Adjective,*
같잖,Adjective,*
같지않,Adjective,*
개감스럽,Adjective,*
개구지,Adjective,*
개르,Adjective,*
개붓하,Adjective,*
개성없,Adjective,*
개않,Adjective,*
개운찮,Adjective,*
개으르,Adjective,*
개탄스럽,Adjective,*
객없,Adjective,*
객적,Adjective,*
객쩍,Adjective,*
갸날프,Adjective,*
갸냘프,Adjective,*
걀쪽하,Adjective,*
걔,Adjective,*
거깄,Adjective,*
거런,Adjective,*
거령스럽,Adjective,*
거름지,Adjective,*
거만스럽,Adjective,*
거멓,Adjective,*
거북살스럽,Adjective,*
거북상스럽,Adjective,*
거북스럽,Adjective,*
거세,Adjective,*
거세차,Adjective,*
거창스럽,Adjective,*
거추장스럽,Adjective,*
거추장시럽,Adjective,*
거치르,Adjective,*
거치장스럽,Adjective,*
거칠,Adjective,*
거침없,Adjective,*
거하,Adjective,*
건방지,Adjective,*
건하,Adjective,*
걷,Adjective,*
걸,Adjective,*
걸맞,Adjective,*
걸죽하,Adjective,*
걸지,Adjective,*
걸직하,Adjective,*
걸차,Adjective,*
걸판지,Adjective,*
검,Adjective,*
검누렇,Adjective,*
검누르,Adjective,*
검디검,Adjective,*
검붉,Adjective,*
검뿌옇,Adjective,*
검질기,Adjective,*
검퍼렇,Adjective,*
검푸르,Adjective,*
겉,Adjective,*
겉약,Adjective,*
겉여물,Adjective,*
게걸스럽,Adjective,*
게르,Adjective,*
게면스럽,Adjective,*
게으르,Adjective,*
게을러빠지,Adjective,*
게을러터지,Adjective,*
게을르,Adjective,*
게접스럽,Adjective,*
겔러빠지,Adjective,*
격렬스럽,Adjective,*
격절스럽,Adjective,*
격절하,Adjective,*
격하,Adjective,*
견결스럽,Adjective,*
겸연쩍,Adjective,*
겹,Adjective,*
경,Adjective,*
경망스럽,Adjective,*
경박스럽,Adjective,*
경사지,Adjective,*
경악스럽,Adjective,*
경외롭,Adjective,*
경이롭,Adjective,*
경하스럽,Adjective,*
경황없,Adjective,*
계면스럽,Adjective,*
계면쩍,Adjective,*
계시,Adjective,*
고,Adjective,*
고까짓,Adjective,*
고깝,Adjective,*
고깟,Adjective,*
고달프,Adjective,*
고되,Adjective,*
고따우,Adjective,*
고따위,Adjective,*
고딴,Adjective,*
고런,Adjective,*
고런조런,Adjective,*
고렇,Adjective,*
고론,Adjective,*
고롭,Adjective,*
고르,Adjective,*
고리,Adjective,*
고만,Adjective,*
고만스럽,Adjective,*
고맙,Adjective,*
고무맙,Adjective,*
고분스럽,Adjective,*
고아스럽,Adjective,*
고약스럽,Adjective,*
고얀,Adjective,*
고연,Adjective,*
고요롭,Adjective,*
고이안,Adjective,*
고이얀,Adjective,*
고이연,Adjective,*
고이하,Adjective,*
고이헌,Adjective,*
고전,Adjective,*
고질스럽,Adjective,*
고통되,Adjective,*
고파,Adjective,*
고푸,Adjective,*
고풍스럽,Adjective,*
고프,Adjective,*
곤경스럽,Adjective,*
곤궁스럽,Adjective,*
곤하,Adjective,*
곤혹스럽,Adjective,*
곧,Adjective,*
곧바르,Adjective,*
곧이곧,Adjective,*
골독하,Adjective,*
곯,Adjective,*
곰살갑,Adjective,*
곰살궂,Adjective,*
곰살맞,Adjective,*
곰상스럽,Adjective,*
곱,Adjective,*
곱다랗,Adjective,*
곱디곱,Adjective,*
곱살스럽,Adjective,*
곱상스럽,Adjective,*
공,Adjective,*
공공,Adjective,*
공교롭,Adjective,*
공교스럽,Adjective,*
공굴차,Adjective,*
공변되,Adjective,*
공손스럽,Adjective,*
공연스럽,Adjective,*
공포스럽,Adjective,*
공허스럽,Adjective,*
과감스럽,Adjective,*
과밀되,Adjective,*
과중되,Adjective,*
과하,Adjective,*
과허,Adjective,*
관계없,Adjective,*
관계있,Adjective,*
관계찮,Adjective,*
괄괄스럽,Adjective,*
괄하,Adjective,*
광명되,Adjective,*
광포스럽,Adjective,*
광활스럽,Adjective,*
괘사스럽,Adjective,*
괘씸스럽,Adjective,*
괜스럽,Adjective,*
괜찮,Adjective,*
괜하,Adjective,*
괴괴스럽,Adjective,*
괴기스럽,Adjective,*
괴까다롭,Adjective,*
괴까닭스럽,Adjective,*
괴란쩍,Adjective,*
괴롭,Adjective,*
괴망스럽,Adjective,*
괴벽스럽,Adjective,*
괴상스럽,Adjective,*
괴악스럽,Adjective,*
괴이쩍,Adjective,*
괴이찮,Adjective,*
괴팍스럽,Adjective,*
괴퍅하,Adjective,*
굉장스럽,Adjective,*
교사스럽,Adjective,*
교앙스럽,Adjective,*
교태롭,Adjective,*
교태스럽,Adjective,*
교활스럽,Adjective,*
구,Adjective,*
구경스럽,Adjective,*
구구스럽,Adjective,*
구리,Adjective,*
구배지,Adjective,*
구쁘,Adjective,*
구석지,Adjective,*
구성없,Adjective,*
구성지,Adjective,*
구슬프,Adjective,*
구십,Adjective,*
구십여,Adjective,*
구접스럽,Adjective,*
구지,Adjective,*
구질,Adjective,*
구차스럽,Adjective,*
구차하,Adjective,*
구찮,Adjective,*
국한,Adjective,*
군던지럽,Adjective,*
군색스럽,Adjective,*
군시럽,Adjective,*
군지럽,Adjective,*
굳,Adjective,*
굳세,Adjective,*
굴곡지,Adjective,*
굴뚝같,Adjective,*
굴신스럽,Adjective,*
굴척지,Adjective,*
굵,Adjective,*
굵다랗,Adjective,*
굵디굵,Adjective,*
굻,Adjective,*
굼닐,Adjective,*
굼뜨,Adjective,*
굽,Adjective,*
궁굴,Adjective,*
궁글,Adjective,*
궁금스럽,Adjective,*
궁금쩍,Adjective,*
궁금하,Adjective,*
궁벽스럽,Adjective,*
궁상맞,Adjective,*
궁상스럽,Adjective,*
궁색스럽,Adjective,*
궁시렁거리,Adjective,*
궁하,Adjective,*
궂,Adjective,*
궃,Adjective,*
궤란쩍,Adjective,*
귀,Adjective,*
귀골스럽,Adjective,*
귀꿈스럽,Adjective,*
귀살스럽,Adjective,*
귀설,Adjective,*
귀염성스럽,Adjective,*
귀엽,Adjective,*
귀접스럽,Adjective,*
귀중스럽,Adjective,*
귀찬,Adjective,*
귀찮,Adjective,*
귀하,Adjective,*
귀허,Adjective,*
그,Adjective,*
그까짓,Adjective,*
그깐,Adjective,*
그깟,Adjective,*
그날그,Adjective,*
그냥,Adjective,*
그따위,Adjective,*
그딴,Adjective,*
그란,Adjective,*
그러,Adjective,*
그러잖,Adjective,*
그러찮,Adjective,*
그러하,Adjective,*
그런,Adjective,*
그런그런,Adjective,*
그런저런,Adjective,*
그럴듯하,Adjective,*
그럴사하,Adjective,*
그럴싸하,Adjective,*
그럿,Adjective,*
그렁,Adjective,*
그렁하,Adjective,*
그렇,Adjective,*
그렇잖,Adjective,*
그르,Adjective,*
그릇되,Adjective,*
그릏,Adjective,*
그립,Adjective,*
그만,Adjective,*
그만이,Adjective,*
그만하,Adjective,*
그악스럽,Adjective,*
그으르,Adjective,*
그지없,Adjective,*
그침없,Adjective,*
극성맞,Adjective,*
극성스럽,Adjective,*
극심스럽,Adjective,*
극악스럽,Adjective,*
근,Adjective,*
근지럽,Adjective,*
글,Adjective,*
글르,Adjective,*
글박스럽,Adjective,*
금새,Adjective,*
금쪽같,Adjective,*
급작스럽,Adjective,*
급하,Adjective,*
급허,Adjective,*
기,Adjective,*
기,Adjective,*
기강스럽,Adjective,*
기걸스럽,Adjective,*
기겁스럽,Adjective,*
기골차,Adjective,*
기괴스럽,Adjective,*
기껍,Adjective,*
기나길,Adjective,*
기다랗,Adjective,*
기다맣,Adjective,*
기닿,Adjective,*
기똥차,Adjective,*
기뚱거리,Adjective,*
기럽,Adjective,*
기렇,Adjective,*
기름지,Adjective,*
기막히,Adjective,*
기만,Adjective,*
기맥히,Adjective,*
기백,Adjective,*
기백만,Adjective,*
기분좋,Adjective,*
기쁘,Adjective,*
기십,Adjective,*
기십만,Adjective,*
기운차,Adjective,*
기차,Adjective,*
기천,Adjective,*
기천만,Adjective,*
기탄없,Adjective,*
긴긴,Adjective,*
긴하,Adjective,*
길,Adjective,*
길고길,Adjective,*
길길다랗,Adjective,*
길다랗,Adjective,*
길둥글,Adjective,*
길디길,Adjective,*
길하,Adjective,*
깊,Adjective,*
깊고깊,Adjective,*
깊다랗,Adjective,*
깊디깊,Adjective,*
까다롭,Adjective,*
까닭스럽,Adjective,*
까딱없,Adjective,*
까리하,Adjective,*
까맣,Adjective,*
까슬하,Adjective,*
까시까시랗,Adjective,*
까아맣,Adjective,*
까지,Adjective,*
까짓,Adjective,*
까탈스럽,Adjective,*
깎아지르,Adjective,*
깐지,Adjective,*
깐질기,Adjective,*
깔깔하,Adjective,*
깔끄럽,Adjective,*
깔끔스럽,Adjective,*
깜,Adjective,*
깜쪽같,Adjective,*
깜찍스럽,Adjective,*
깜찍하,Adjective,*
깟,Adjective,*
깡마르,Adjective,*
깨끗잖,Adjective,*
깨닫,Adjective,*
꺼덕치,Adjective,*
꺼림텁텁하,Adjective,*
꺼멓,Adjective,*
꺽세,Adjective,*
껄끄럽,Adjective,*
껄렁껄렁하,Adjective,*
껌,Adjective,*
께름직하,Adjective,*
꼬지,Adjective,*
꼴같잖,Adjective,*
꼴사납,Adjective,*
꼼꼼스럽,Adjective,*
꼼짝없,Adjective,*
꽁하,Adjective,*
꾀까다롭,Adjective,*
꾀까닭스럽,Adjective,*
꾀바르,Adjective,*
꾸미,Adjective,*
꾸밈없,Adjective,*
꾸지,Adjective,*
꿈같,Adjective,*
꿈뜨,Adjective,*
끄덕없,Adjective,*
끄떡없,Adjective,*
끄므레하,Adjective,*
끈덕지,Adjective,*
끈질기,Adjective,*
끊,Adjective,*
끊임없,Adjective,*
끌,Adjective,*
끌질기,Adjective,*
끔찍끔찍스럽,Adjective,*
끔찍스럽,Adjective,*
끝없,Adjective,*
낄,Adjective,*
낄따랗,Adjective,*
나같,Adjective,*
나긋나긋하,Adjective,*
나누,Adjective,*
나들하,Adjective,*
나부죽하,Adjective,*
나뿌,Adjective,*
나쁘,Adjective,*
나섭,Adjective,*
나아쁘,Adjective,*
나어리,Adjective,*
나즈막하,Adjective,*
나태스럽,Adjective,*
난감스럽,Adjective,*
난데없,Adjective,*
난잡스럽,Adjective,*
난폭스럽,Adjective,*
난하,Adjective,*
날래,Adjective,*
날쌉,Adjective,*
날쌔,Adjective,*
날쎄,Adjective,*
날카롭,Adjective,*
낡,Adjective,*
남,Adjective,*
남다르,Adjective,*
남모르,Adjective,*
남부끄럽,Adjective,*
남부럽,Adjective,*
남부럽잖,Adjective,*
남새시럽,Adjective,*
남세스럽,Adjective,*
남짓하,Adjective,*
낫,Adjective,*
낮,Adjective,*
낮디낮,Adjective,*
낯간지럽,Adjective,*
낯뜨겁,Adjective,*
낯모르,Adjective,*
낯설,Adjective,*
낯익,Adjective,*
낳,Adjective,*
내,Adjective,*
내놓,Adjective,*
내리덥,Adjective,*
내흉스럽,Adjective,*
냅,Adjective,*
냉정스럽,Adjective,*
냉하,Adjective,*
너,Adjective,*
너거,Adjective,*
너그럽,Adjective,*
너댓,Adjective,*
너댓째,Adjective,*
너더댓,Adjective,*
너더댓째,Adjective,*
너덧,Adjective,*
너덧째,Adjective,*
너르,Adjective,*
너무하,Adjective,*
넉,Adjective,*
넉살맞,Adjective,*
넉살스럽,Adjective,*
널따랗,Adjective,*
널럴하,Adjective,*
넒,Adjective,*
넓,Adjective,*
넓고넓,Adjective,*
넓다랗,Adjective,*
넓둥글,Adjective,*
넓디넓,Adjective,*
넙적하,Adjective,*
네,Adjective,*
네까짓,Adjective,*
네깐,Adjective,*
네깟,Adjective,*
네다섯,Adjective,*
네다섯째,Adjective,*
네댓,Adjective,*
네댓째,Adjective,*
네모나,Adjective,*
네모낳,Adjective,*
네모지,Adjective,*
네째,Adjective,*
넨장,Adjective,*
넨장맞을,Adjective,*
넨장칠,Adjective,*
넷째,Adjective,*
넷쨋,Adjective,*
넸,Adjective,*
노랗,Adjective,*
노르,Adjective,*
노릇하,Adjective,*
노리,Adjective,*
노리끼하,Adjective,*
노망되,Adjective,*
노엽,Adjective,*
노오랗,Adjective,*
노하,Adjective,*
녹작지근하,Adjective,*
놀,Adjective,*
놀라,Adjective,*
놀라웁,Adjective,*
놀랍,Adjective,*
놉,Adjective,*
농하,Adjective,*
높,Adjective,*
높고높,Adjective,*
높낮,Adjective,*
높다랗,Adjective,*
높디높,Adjective,*
높푸르,Adjective,*
놓,Adjective,*
뇌꼴스럽,Adjective,*
누기차,Adjective,*
누덕누덕하,Adjective,*
누렇,Adjective,*
누르,Adjective,*
누르디누르,Adjective,*
누릏,Adjective,*
누리,Adjective,*
누리끼하,Adjective,*
누우렇,Adjective,*
누지,Adjective,*
눅,Adjective,*
눈꼴사납,Adjective,*
눈꼴시,Adjective,*
눈물겹,Adjective,*
눈부시,Adjective,*
느그,Adjective,*
느껍,Adjective,*
느닷없,Adjective,*
느리,Adjective,*
느물스럽,Adjective,*
느즈막하,Adjective,*
늘,Adjective,*
늘씬하,Adjective,*
늘큰하,Adjective,*
늙,Adjective,*
늠름스럽,Adjective,*
능갈맞,Adjective,*
능갈치,Adjective,*
능글맞,Adjective,*
능글스럽,Adjective,*
능청맞,Adjective,*
능청스럽,Adjective,*
능하,Adjective,*
늦,Adjective,*
니,Adjective,*
다급스럽,Adjective,*
다긔차,Adjective,*
다기지,Adjective,*
다기차,Adjective,*
다담지,Adjective,*
다되,Adjective,*
다디달,Adjective,*
다랍,Adjective,*
다르,Adjective,*
다르잖,Adjective,*
다른,Adjective,*
다름아니,Adjective,*
다름없,Adjective,*
다보록하,Adjective,*
다복스럽,Adjective,*
다부지,Adjective,*
다사롭,Adjective,*
다사스럽,Adjective,*
다서여섯째,Adjective,*
다섯,Adjective,*
다섯째,Adjective,*
다수굿하,Adjective,*
다숩,Adjective,*
다습,Adjective,*
다시없,Adjective,*
다양스럽,Adjective,*
다이내믹하,Adjective,*
다정스럽,Adjective,*
다채롭,Adjective,*
다함없,Adjective,*
다행스럽,Adjective,*
단,Adjective,*
단돈,Adjective,*
단작스럽,Adjective,*
단조롭,Adjective,*
단촐하,Adjective,*
단출하,Adjective,*
달,Adjective,*
달갑,Adjective,*
달갑잖,Adjective,*
달관스럽,Adjective,*
달디달,Adjective,*
달르,Adjective,*
달큰하,Adjective,*
닮,Adjective,*
닳아빠지,Adjective,*
담차,Adjective,*
답,Adjective,*
답답스럽,Adjective,*
닷,Adjective,*
당,Adjective,*
당당,Adjective,*
당차,Adjective,*
당찮,Adjective,*
당치않,Adjective,*
당하,Adjective,*
당해,Adjective,*
당혹스럽,Adjective,*
당황스럽,Adjective,*
대,Adjective,*
대간허,Adjective,*
대견스럽,Adjective,*
대단스럽,Adjective,*
대단찮,Adjective,*
대담스럽,Adjective,*
대모한,Adjective,*
대범스럽,Adjective,*
대수롭,Adjective,*
대수롭잖,Adjective,*
대여섯,Adjective,*
대여섯째,Adjective,*
대엿,Adjective,*
대중없,Adjective,*
대차,Adjective,*
대퉁스럽,Adjective,*
댓,Adjective,*
댓째,Adjective,*
댕그랗,Adjective,*
댕그렇,Adjective,*
더디,Adjective,*
더럽,Adjective,*
더리,Adjective,*
더리적,Adjective,*
더없,Adjective,*
더웁,Adjective,*
더하,Adjective,*
덕성스럽,Adjective,*
던적스럽,Adjective,*
던지럽,Adjective,*
덜되,Adjective,*
덜떨어지,Adjective,*
덜큰하,Adjective,*
덜퍽지,Adjective,*
덜하,Adjective,*
덥,Adjective,*
덥디덥,Adjective,*
덧없,Adjective,*
덩그라하,Adjective,*
덩그랗,Adjective,*
덩그렇,Adjective,*
덩그맣,Adjective,*
덩덩그렇,Adjective,*
덩스럽,Adjective,*
덩이지,Adjective,*
데면스럽,Adjective,*
데설궂,Adjective,*
데퉁맞,Adjective,*
데퉁스럽,Adjective,*
덴덕스럽,Adjective,*
뎅그랗,Adjective,*
뎅그렇,Adjective,*
뎌,Adjective,*
도담스럽,Adjective,*
도드라지,Adjective,*
도지,Adjective,*
도탑,Adjective,*
도합,Adjective,*
독별나,Adjective,*
독살맞,Adjective,*
독살스럽,Adjective,*
독살지,Adjective,*
독하,Adjective,*
독허,Adjective,*
돈독스럽,Adjective,*
돈바르,Adjective,*
돌변스럽,Adjective,*
동,Adjective,*
동곳하,Adjective,*
동그랗,Adjective,*
동그렇,Adjective,*
동그맣,Adjective,*
동글,Adjective,*
동떨어지,Adjective,*
동뜨,Adjective,*
되,Adjective,*
되다랗,Adjective,*
되디되,Adjective,*
되먹,Adjective,*
되바라지,Adjective,*
되알지,Adjective,*
되양스럽,Adjective,*
되잖,Adjective,*
되지못하,Adjective,*
되통스럽,Adjective,*
될성부르,Adjective,*
둏,Adjective,*
두,Adjective,*
두껍,Adjective,*
두껍디두껍,Adjective,*
두동지,Adjective,*
두드러지,Adjective,*
두렵,Adjective,*
두서너,Adjective,*
두서너째,Adjective,*
두서없,Adjective,*
두세,Adjective,*
두세네,Adjective,*
두세째,Adjective,*
두어,Adjective,*
두어째,Adjective,*
두째,Adjective,*
두텁,Adjective,*
둔덕지,Adjective,*
둔스럽,Adjective,*
둔탁스럽,Adjective,*
둔하,Adjective,*
둘째,Adjective,*
둘쨋,Adjective,*
둥굴,Adjective,*
둥그랗,Adjective,*
둥그렇,Adjective,*
둥글,Adjective,*
둬,Adjective,*
둬째,Adjective,*
뒤늦,Adjective,*
뒤숭숭스럽,Adjective,*
뒤어나,Adjective,*
뒤퉁스럽,Adjective,*
뒷,Adjective,*
드넓,Adjective,*
드높,Adjective,*
드럽,Adjective,*
드리없,Adjective,*
드맑,Adjective,*
드물,Adjective,*
드밝,Adjective,*
드세,Adjective,*
득달같,Adjective,*
듣,Adjective,*
듣그럽,Adjective,*
듣드르,Adjective,*
들,Adjective,*
들큰하,Adjective,*
듯하,Adjective,*
따갑,Adjective,*
따르,Adjective,*
따른,Adjective,*
따사롭,Adjective,*
따숩,Adjective,*
따스,Adjective,*
따습,Adjective,*
따시,Adjective,*
딱,Adjective,*
딱부러지,Adjective,*
딱하,Adjective,*
딴,Adjective,*
땅땅하,Adjective,*
때늦,Adjective,*
때늦은,Adjective,*
때맞,Adjective,*
때아닌,Adjective,*
때이른,Adjective,*
땡그랗,Adjective,*
땡그렇,Adjective,*
떡을할,Adjective,*
떫,Adjective,*
떫디떫,Adjective,*
또다른,Adjective,*
또라지,Adjective,*
또한,Adjective,*
똑같,Adjective,*
똑바르,Adjective,*
똑부러지,Adjective,*
똘똘하,Adjective,*
똥그랗,Adjective,*
뚜껍,Adjective,*
뚝별나,Adjective,*
뚝별스럽,Adjective,*
뚱그렇,Adjective,*
뚱딴지같,Adjective,*
뚱하,Adjective,*
뛰어나,Adjective,*
뜨,Adjective,*
뜨겁,Adjective,*
뜨겁디뜨겁,Adjective,*
뜨근하,Adjective,*
뜨습,Adjective,*
뜨시,Adjective,*
뜨아하,Adjective,*
뜬금없,Adjective,*
뜸하,Adjective,*
뜹뜨름하,Adjective,*
뜻깊,Adjective,*
뜻있,Adjective,*
띵하,Adjective,*
로맨틱하,Adjective,*
리드미컬하,Adjective,*
마,Adjective,*
마디,Adjective,*
마땅스럽,Adjective,*
마땅찮,Adjective,*
마뜩,Adjective,*
마뜩찮,Adjective,*
마렵,Adjective,*
마르,Adjective,*
마지못하,Adjective,*
마침맞,Adjective,*
마흔,Adjective,*
막다르,Adjective,*
막돼먹,Adjective,*
막되,Adjective,*
만,Adjective,*
만,Adjective,*
만나,Adjective,*
만만(하),Adjective,*
만만찮,Adjective,*
만무하,Adjective,*
만여,Adjective,*
만족스럽,Adjective,*
많,Adjective,*
많고많,Adjective,*
많이,Adjective,*
말강스럽,Adjective,*
말갛,Adjective,*
말쌀스럽,Adjective,*
말썽스럽,Adjective,*
맑,Adjective,*
맑디맑,Adjective,*
맛깔지,Adjective,*
맛나,Adjective,*
맛없,Adjective,*
맛있,Adjective,*
망연스럽,Adjective,*
망측스럽,Adjective,*
망칙스럽,Adjective,*
망하,Adjective,*
맞,Adjective,*
매,Adjective,*
매끄럽,Adjective,*
매마르,Adjective,*
매몰스럽,Adjective,*
매몰차,Adjective,*
매섭,Adjective,*
매스껍,Adjective,*
매욱스럽,Adjective,*
매웁,Adjective,*
매정스럽,Adjective,*
맥없,Adjective,*
맨,Adjective,*
맵,Adjective,*
맵디맵,Adjective,*
맵살스럽,Adjective,*
맵싸하,Adjective,*
맵짜,Adjective,*
맵차,Adjective,*
맹랑스럽,Adjective,*
맹숭맹숭하,Adjective,*
맹하,Adjective,*
맻,Adjective,*
머,Adjective,*
머나멀,Adjective,*
머르레하,Adjective,*
머얼,Adjective,*
머얼겋,Adjective,*
머엉하,Adjective,*
머지않,Adjective,*
먹먹하,Adjective,*
먹음직스럽,Adjective,*
먼먼,Adjective,*
멀,Adjective,*
멀겋,Adjective,*
멀고멀,Adjective,*
멀다랗,Adjective,*
멋들어지,Adjective,*
멋없,Adjective,*
멋있,Adjective,*
멋적,Adjective,*
멋지,Adjective,*
멋쩍,Adjective,*
멍청스럽,Adjective,*
멍하,Adjective,*
메떨어지,Adjective,*
메뜨,Adjective,*
메마르,Adjective,*
메숲지,Adjective,*
메스껍,Adjective,*
메지,Adjective,*
멫,Adjective,*
면괴스럽,Adjective,*
면구스럽,Adjective,*
면구쩍,Adjective,*
명랑스럽,Adjective,*
몇,Adjective,*
몇대,Adjective,*
몇몇,Adjective,*
몇십,Adjective,*
몇억만,Adjective,*
몇째,Adjective,*
몇천몇만,Adjective,*
모,Adjective,*
모나,Adjective,*
모두,Adjective,*
모든,Adjective,*
모르,Adjective,*
모멸스럽,Adjective,*
모모,Adjective,*
모모한,Adjective,*
모오든,Adjective,*
모자라,Adjective,*
모자르,Adjective,*
모잘르,Adjective,*
모지,Adjective,*
모지락스럽,Adjective,*
모지락시럽,Adjective,*
모질,Adjective,*
모험스럽,Adjective,*
목마르,Adjective,*
목석같,Adjective,*
몬나,Adjective,*
몬생기,Adjective,*
몰강스럽,Adjective,*
몰골스럽,Adjective,*
몰상스럽,Adjective,*
몰풍경스럽,Adjective,*
몰풍스럽,Adjective,*
몹쓸,Adjective,*
못나,Adjective,*
못되,Adjective,*
못마땅스럽,Adjective,*
못미덥,Adjective,*
못생기,Adjective,*
못잖,Adjective,*
못지않,Adjective,*
못하,Adjective,*
몽글,Adjective,*
몽총하,Adjective,*
묘하,Adjective,*
묘허,Adjective,*
무겁,Adjective,*
무겁디무겁,Adjective,*
무난스럽,Adjective,*
무덥,Adjective,*
무데,Adjective,*
무든,Adjective,*
무디,Adjective,*
무뚝하,Adjective,*
무람없,Adjective,*
무르,Adjective,*
무미스럽,Adjective,*
무섭,Adjective,*
무스은,Adjective,*
무슨,Adjective,*
무슨무슨,Adjective,*
무시,Adjective,*
무신,Adjective,*
무심스럽,Adjective,*
무십,Adjective,*
무안스럽,Adjective,*
무안쩍,Adjective,*
무엄스럽,Adjective,*
무엇하,Adjective,*
무연스럽,Adjective,*
무작스럽,Adjective,*
무정스럽,Adjective,*
무지막스럽,Adjective,*
무지하,Adjective,*
무참스럽,Adjective,*
무추룸하,Adjective,*
무하,Adjective,*
묶,Adjective,*
문,Adjective,*
문제없,Adjective,*
물경,Adjective,*
물렁하,Adjective,*
물르,Adjective,*
물리,Adjective,*
물매지,Adjective,*
물샐틈없,Adjective,*
물설,Adjective,*
물씬하,Adjective,*
물풍스럽,Adjective,*
묽,Adjective,*
묽디묽,Adjective,*
뭇,Adjective,*
뭉텅하,Adjective,*
뭉툭뭉툭하,Adjective,*
뭉툭하,Adjective,*
뭔,Adjective,*
뭣하,Adjective,*
믄,Adjective,*
미끄럽,Adjective,*
미덥,Adjective,*
미련맞,Adjective,*
미쁘,Adjective,*
미심스럽,Adjective,*
미심쩍,Adjective,*
미씸쩍,Adjective,*
미안스럽,Adjective,*
미안쩍,Adjective,*
미욱스럽,Adjective,*
미웁,Adjective,*
미츨하,Adjective,*
미치,Adjective,*
미혹스럽,Adjective,*
민망스럽,Adjective,*
민하,Adjective,*
믿,Adjective,*
믿음성스럽,Adjective,*
믿음직스럽,Adjective,*
밉,Adjective,*
밉광스럽,Adjective,*
밉둥스럽,Adjective,*
밉디밉,Adjective,*
밉살맞,Adjective,*
밉살머리스럽,Adjective,*
밉살스럽,Adjective,*
밉상스럽,Adjective,*
밉쌀스럽,Adjective,*
바르,Adjective,*
바른,Adjective,*
바뿌,Adjective,*
바쁘,Adjective,*
바자위,Adjective,*
바지런스럽,Adjective,*
바트,Adjective,*
박정스럽,Adjective,*
박하,Adjective,*
반,Adjective,*
반감,Adjective,*
반갑,Adjective,*
반드럽,Adjective,*
반지랍,Adjective,*
반편스럽,Adjective,*
반하,Adjective,*
받,Adjective,*
발갛,Adjective,*
발악스럽,Adjective,*
발칙스럽,Adjective,*
밝,Adjective,*
밤늦,Adjective,*
방자스럽,Adjective,*
방정맞,Adjective,*
방정스럽,Adjective,*
밭,Adjective,*
배,Adjective,*
배고프,Adjective,*
배다르,Adjective,*
배뚤,Adjective,*
배라먹을,Adjective,*
배리,Adjective,*
배부르,Adjective,*
배불르,Adjective,*
백,Adjective,*
백대,Adjective,*
백여,Adjective,*
밸라,Adjective,*
뱅충맞,Adjective,*
버겁,Adjective,*
버릇없,Adjective,*
버성기,Adjective,*
버얼겋,Adjective,*
벅차,Adjective,*
번거럽,Adjective,*
번거롭,Adjective,*
번다스럽,Adjective,*
번드럽,Adjective,*
번잡스럽,Adjective,*
번지럽,Adjective,*
번질나,Adjective,*
번하,Adjective,*
번화롭,Adjective,*
번화스럽,Adjective,*
벌겋,Adjective,*
범상스럽,Adjective,*
범연스럽,Adjective,*
벨,Adjective,*
벼라별,Adjective,*
변괴스럽,Adjective,*
변덕맞,Adjective,*
변변찮,Adjective,*
변별,Adjective,*
변사스럽,Adjective,*
변스럽,Adjective,*
변하,Adjective,*
변함없,Adjective,*
별,Adjective,*
별나,Adjective,*
별다르,Adjective,*
별미쩍,Adjective,*
별별,Adjective,*
별스럽,Adjective,*
별시럽,Adjective,*
별의별,Adjective,*
별쭝나,Adjective,*
별쭝맞,Adjective,*
별쭝스럽,Adjective,*
별하,Adjective,*
볕바르,Adjective,*
보,Adjective,*
보기좋,Adjective,*
보드랍,Adjective,*
보람차,Adjective,*
보얗,Adjective,*
보오얗,Adjective,*
보잘것없,Adjective,*
복되,Adjective,*
복성스럽,Adjective,*
복잡스럽,Adjective,*
본,Adjective,*
본데없,Adjective,*
볼록하,Adjective,*
볼메,Adjective,*
볼성사납,Adjective,*
볼썽사납,Adjective,*
볼통스럽,Adjective,*
볼품없,Adjective,*
부귀스럽,Adjective,*
부끄럼성스럽,Adjective,*
부끄럽,Adjective,*
부드럽,Adjective,*
부득이하,Adjective,*
부럽,Adjective,*
부르,Adjective,*
부산스럽,Adjective,*
부시,Adjective,*
부여,Adjective,*
부옇,Adjective,*
부우옇,Adjective,*
부자연스럽,Adjective,*
부자유스럽,Adjective,*
부잡스럽,Adjective,*
부족하,Adjective,*
부지런스럽,Adjective,*
부질없,Adjective,*
분별없,Adjective,*
분잡스럽,Adjective,*
분주스럽,Adjective,*
분하,Adjective,*
불경스럽,Adjective,*
불공스럽,Adjective,*
불그레하,Adjective,*
불량스럽,Adjective,*
불만스럽,Adjective,*
불만족스럽,Adjective,*
불명예스럽,Adjective,*
불미스럽,Adjective,*
불민스럽,Adjective,*
불상스럽,Adjective,*
불서럽,Adjective,*
불손스럽,Adjective,*
불안스럽,Adjective,*
불영예스럽,Adjective,*
불유쾌스럽,Adjective,*
불충스럽,Adjective,*
불쾌스럽,Adjective,*
불퉁스럽,Adjective,*
불티나,Adjective,*
불편스럽,Adjective,*
불화스럽,Adjective,*
붉,Adjective,*
붉그스럽,Adjective,*
붉디붉,Adjective,*
붙,Adjective,*
븰,Adjective,*
비,Adjective,*
비감스럽,Adjective,*
비겁스럽,Adjective,*
비관스럽,Adjective,*
비굴스럽,Adjective,*
비뚜르,Adjective,*
비뚜름하,Adjective,*
비뚤,Adjective,*
비리,Adjective,*
비분스럽,Adjective,*
비슴하,Adjective,*
비싸,Adjective,*
비아냥스럽,Adjective,*
비장스럽,Adjective,*
비정스럽,Adjective,*
비좁,Adjective,*
비참스럽,Adjective,*
비탈지,Adjective,*
비하,Adjective,*
빈틈없,Adjective,*
빌어먹을,Adjective,*
빙충맞,Adjective,*
빛바래,Adjective,*
빠르,Adjective,*
빠삭하,Adjective,*
빠안하,Adjective,*
빠알갛,Adjective,*
빡빡하,Adjective,*
빡세,Adjective,*
빡시,Adjective,*
빡쎄,Adjective,*
빤드럽,Adjective,*
빤빤스럽,Adjective,*
빤하,Adjective,*
빨,Adjective,*
빨갛,Adjective,*
빨르,Adjective,*
빼나,Adjective,*
빼뚤,Adjective,*
빼어나,Adjective,*
뻐들겅하,Adjective,*
뻐들컹하,Adjective,*
뻐세,Adjective,*
뻑세,Adjective,*
뻑적지근하,Adjective,*
뻔드럽,Adjective,*
뻔뻔스럽,Adjective,*
뻔질나,Adjective,*
뻔찔나,Adjective,*
뻔하,Adjective,*
뻔허,Adjective,*
뻔히,Adjective,*
뻗세,Adjective,*
뻘겋,Adjective,*
뻣세,Adjective,*
뻥하,Adjective,*
뼈아프,Adjective,*
뼈저리,Adjective,*
뼈져리,Adjective,*
뼈지,Adjective,*
뽀독하,Adjective,*
뽀얗,Adjective,*
뽀오얗,Adjective,*
뽈갛,Adjective,*
뿌리깊,Adjective,*
뿌옇,Adjective,*
뿌우옇,Adjective,*
뿌하,Adjective,*
삐뚜름하,Adjective,*
삐뚤,Adjective,*
삐뚫,Adjective,*
사,Adjective,*
사각지,Adjective,*
사근사근하,Adjective,*
사납,Adjective,*
사대,Adjective,*
사사롭,Adjective,*
사사하,Adjective,*
사십,Adjective,*
사십여,Adjective,*
사오,Adjective,*
사위스럽,Adjective,*
사이,Adjective,*
사이좋,Adjective,*
사작바르,Adjective,*
사정없,Adjective,*
산하,Adjective,*
살,Adjective,*
살갑,Adjective,*
살똥맞,Adjective,*
살똥스럽,Adjective,*
살몃하,Adjective,*
살스럽,Adjective,*
살지,Adjective,*
살차,Adjective,*
살천스럽,Adjective,*
살팍지,Adjective,*
살풍경스럽,Adjective,*
살피,Adjective,*
삼,Adjective,*
삼대,Adjective,*
삼사,Adjective,*
삼십,Adjective,*
삼십여,Adjective,*
삿되,Adjective,*
상관없,Adjective,*
상냥스럽,Adjective,*
상되,Adjective,*
상서롭,Adjective,*
상서스럽,Adjective,*
상스럽,Adjective,*
상없,Adjective,*
상하,Adjective,*
상허,Adjective,*
새,Adjective,*
새,Adjective,*
새까맣,Adjective,*
새노랗,Adjective,*
새되,Adjective,*
새똥빠지,Adjective,*
새롭,Adjective,*
새말갛,Adjective,*
새맑,Adjective,*
새빨갛,Adjective,*
새뽀얗,Adjective,*
새살궂,Adjective,*
새살맞,Adjective,*
새살스럽,Adjective,*
새삼스럽,Adjective,*
새차,Adjective,*
새초롬하,Adjective,*
새촘하,Adjective,*
새침스럽,Adjective,*
새카맣,Adjective,*
새캄하,Adjective,*
새퉁스럽,Adjective,*
새파랗,Adjective,*
새하얗,Adjective,*
색다르,Adjective,*
색스럽,Adjective,*
샛까맣,Adjective,*
샛노랗,Adjective,*
샛되,Adjective,*
샛말갛,Adjective,*
샛맑,Adjective,*
샛빨갛,Adjective,*
샛파랗,Adjective,*
샛푸르,Adjective,*
생경스럽,Adjective,*
생급스럽,Adjective,*
생기,Adjective,*
생때같,Adjective,*
생뚱맞,Adjective,*
생뚱스럽,Adjective,*
서,Adjective,*
서거프,Adjective,*
서글프,Adjective,*
서글프디서글프,Adjective,*
서너,Adjective,*
서너째,Adjective,*
서느렇,Adjective,*
서두르,Adjective,*
서럽,Adjective,*
서럽디서럽,Adjective,*
서른,Adjective,*
서른한,Adjective,*
서스럼없,Adjective,*
서슴없,Adjective,*
서투르,Adjective,*
서툴,Adjective,*
석,Adjective,*
석연찮,Adjective,*
선하,Adjective,*
섣부르,Adjective,*
설,Adjective,*
설웁,Adjective,*
설흔,Adjective,*
섧,Adjective,*
섬닷하,Adjective,*
섬뜩하,Adjective,*
섬뜻하,Adjective,*
섭하,Adjective,*
성,Adjective,*
성가시,Adjective,*
성글,Adjective,*
성기,Adjective,*
성깔지,Adjective,*
성마르,Adjective,*
성명없,Adjective,*
성부르,Adjective,*
성스럽,Adjective,*
성싶,Adjective,*
성큼하,Adjective,*
성하,Adjective,*
성화같,Adjective,*
성화스럽,Adjective,*
세,Adjective,*
세,Adjective,*
세네,Adjective,*
세네째,Adjective,*
세모나,Adjective,*
세모지,Adjective,*
세상없,Adjective,*
세째,Adjective,*
세차,Adjective,*
섹시하,Adjective,*
셋째,Adjective,*
셋쨋,Adjective,*
션찮,Adjective,*
소,Adjective,*
소담스럽,Adjective,*
소심스럽,Adjective,*
소용없,Adjective,*
소원스럽,Adjective,*
소중스럽,Adjective,*
소홀하,Adjective,*
속,Adjective,*
속되,Adjective,*
속상하,Adjective,*
속상허,Adjective,*
속없,Adjective,*
속절없,Adjective,*
속좁,Adjective,*
손색없,Adjective,*
손쉽,Adjective,*
솔찬허,Adjective,*
솔찮,Adjective,*
송구스럽,Adjective,*
쇳되,Adjective,*
쇼킹하,Adjective,*
수,Adjective,*
수굿하,Adjective,*
수긋하,Adjective,*
수만,Adjective,*
수많,Adjective,*
수말스럽,Adjective,*
수미일관되,Adjective,*
수백,Adjective,*
수백만,Adjective,*
수백억,Adjective,*
수삼,Adjective,*
수상스럽,Adjective,*
수상쩍,Adjective,*
수선스럽,Adjective,*
수십,Adjective,*
수십만,Adjective,*
수십억,Adjective,*
수십조,Adjective,*
수억,Adjective,*
수억만,Adjective,*
수없,Adjective,*
수월스럽,Adjective,*
수월찮,Adjective,*
수조,Adjective,*
수줍,Adjective,*
수집,Adjective,*
수천,Adjective,*
수천만,Adjective,*
수천수만,Adjective,*
수천억,Adjective,*
수통스럽,Adjective,*
순,Adjective,*
순박스럽,Adjective,*
순직스럽,Adjective,*
순진스럽,Adjective,*
순하,Adjective,*
숨가쁘,Adjective,*
숨김없,Adjective,*
숨차,Adjective,*
숫되,Adjective,*
숫접,Adjective,*
숫지,Adjective,*
숫하,Adjective,*
숭물스럽,Adjective,*
숭하,Adjective,*
숭허,Adjective,*
숱하,Adjective,*
쉰,Adjective,*
쉽,Adjective,*
스럽,Adjective,*
스무,Adjective,*
스무남은,Adjective,*
스무째,Adjective,*
스물째,Adjective,*
스산스럽,Adjective,*
스스럼없,Adjective,*
스스럽,Adjective,*
슥,Adjective,*
슬겁,Adjective,*
슬푸,Adjective,*
슬프,Adjective,*
슬프디슬프,Adjective,*
슴슴하,Adjective,*
습지,Adjective,*
습하,Adjective,*
승하,Adjective,*
시,Adjective,*
시,Adjective,*
시건드러지,Adjective,*
시건방지,Adjective,*
시그럽,Adjective,*
시꺼멓,Adjective,*
시꺼믛,Adjective,*
시끄럽,Adjective,*
시끌맞,Adjective,*
시누렇,Adjective,*
시답,Adjective,*
시답잖,Adjective,*
시덥,Adjective,*
시덥잖,Adjective,*
시들스럽,Adjective,*
시디시,Adjective,*
시뜻하,Adjective,*
시렵,Adjective,*
시름겹,Adjective,*
시리,Adjective,*
시망스럽,Adjective,*
시뻐겋,Adjective,*
시뻘겋,Adjective,*
시뿌옇,Adjective,*
시쁘,Adjective,*
시쁜하,Adjective,*
시시껄렁하,Adjective,*
시원스럽,Adjective,*
시원찮,Adjective,*
시장스럽,Adjective,*
시커멓,Adjective,*
시컴하,Adjective,*
시퉁머리스럽,Adjective,*
시퉁스럽,Adjective,*
시퍼렇,Adjective,*
시푸르,Adjective,*
시허옇,Adjective,*
식,Adjective,*
신,Adjective,*
신기스럽,Adjective,*
신명스럽,Adjective,*
신명지,Adjective,*
신비스럽,Adjective,*
신성스럽,Adjective,*
신통스럽,Adjective,*
신통찮,Adjective,*
신풍스럽,Adjective,*
실답,Adjective,*
실없,Adjective,*
실팍지,Adjective,*
실하,Adjective,*
실허,Adjective,*
싫,Adjective,*
심들,Adjective,*
심란스럽,Adjective,*
심상스럽,Adjective,*
심상찮,Adjective,*
심술궂,Adjective,*
심심찮,Adjective,*
심악스럽,Adjective,*
심하,Adjective,*
십,Adjective,*
십대,Adjective,*
십여,Adjective,*
싯누렇,Adjective,*
싯멀겋,Adjective,*
싯벌겋,Adjective,*
싯푸르,Adjective,*
싱검하,Adjective,*
싱겁,Adjective,*
싱그럽,Adjective,*
싱숭하,Adjective,*
싶,Adjective,*
싸,Adjective,*
싸납,Adjective,*
싸느랗,Adjective,*
싸아하,Adjective,*
싸하,Adjective,*
싹수없,Adjective,*
쌀쌀맞,Adjective,*
쌀쌀스럽,Adjective,*
쌍꺼풀지,Adjective,*
쌍스럽,Adjective,*
쌔,Adjective,*
쌔까맣,Adjective,*
써느렇,Adjective,*
썩을,Adjective,*
쎄,Adjective,*
쎼,Adjective,*
쏜살같,Adjective,*
쑥스럽,Adjective,*
쑥쓰럽,Adjective,*
쑥씨렵,Adjective,*
쓰,Adjective,*
쓰고프,Adjective,*
쓰디쓰,Adjective,*
쓰라리,Adjective,*
쓰리,Adjective,*
쓸데없,Adjective,*
쓸데웂,Adjective,*
쓸모없,Adjective,*
쓸모있,Adjective,*
씨,Adjective,*
씨꺼멓,Adjective,*
씨식잖,Adjective,*
씨커멓,Adjective,*
씰데없,Adjective,*
아귀차,Adjective,*
아금박스럽,Adjective,*
아금받,Adjective,*
아기꼽살스럽,Adjective,*
아깝,Adjective,*
아깝잖,Adjective,*
아낌없,Adjective,*
아니,Adjective,*
아니꼽,Adjective,*
아니꼽살스럽,Adjective,*
아담스럽,Adjective,*
아랑곳없,Adjective,*
아랫,Adjective,*
아롱지,Adjective,*
아름답,Adjective,*
아름차,Adjective,*
아리,Adjective,*
아리까리하,Adjective,*
아리땁,Adjective,*
아모,Adjective,*
아무,Adjective,*
아무러하,Adjective,*
아무런,Adjective,*
아무렇,Adjective,*
아무렇지않,Adjective,*
아무아무,Adjective,*
아쉽,Adjective,*
아쉽잖,Adjective,*
아스랗,Adjective,*
아슬하,Adjective,*
아쌀하,Adjective,*
아양스럽,Adjective,*
아파,Adjective,*
아푸,Adjective,*
아프,Adjective,*
아홉,Adjective,*
아홉째,Adjective,*
아흔,Adjective,*
악독스럽,Adjective,*
악세,Adjective,*
악지스럽,Adjective,*
악착같,Adjective,*
악착스럽,Adjective,*
악하,Adjective,*
안녕하,Adjective,*
안달스럽,Adjective,*
안되,Adjective,*
안스럽,Adjective,*
안쓰럽,Adjective,*
안씨럽,Adjective,*
안타깝,Adjective,*
않,Adjective,*
알맞,Adjective,*
알차,Adjective,*
암,Adjective,*
암상궂,Adjective,*
암상스럽,Adjective,*
암울스럽,Adjective,*
암팡스럽,Adjective,*
암팡지,Adjective,*
앗싸리하,Adjective,*
앙살궂,Adjective,*
앙살스럽,Adjective,*
앙상궂,Adjective,*
앙상스럽,Adjective,*
앙증맞,Adjective,*
앙증스럽,Adjective,*
앙징맞,Adjective,*
앙징스럽,Adjective,*
앙칼스럽,Adjective,*
앙칼지,Adjective,*
앙큼스럽,Adjective,*
앙하,Adjective,*
애긋,Adjective,*
애꿎,Adjective,*
애꿏,Adjective,*
애달프,Adjective,*
애닯,Adjective,*
애띠,Adjective,*
애먼,Adjective,*
애바르,Adjective,*
애살스럽,Adjective,*
애상스럽,Adjective,*
애잔스럽,Adjective,*
애잖,Adjective,*
애젊,Adjective,*
애처럽,Adjective,*
애처롭,Adjective,*
앰하,Adjective,*
앳되,Adjective,*
야뜨,Adjective,*
야릇스럽,Adjective,*
야멸스럽,Adjective,*
야멸차,Adjective,*
야멸치,Adjective,*
야무지,Adjective,*
야물,Adjective,*
야물딱지,Adjective,*
야박스럽,Adjective,*
야비스럽,Adjective,*
야살스럽,Adjective,*
야속스럽,Adjective,*
야하,Adjective,*
약,Adjective,*
약,Adjective,*
약빠르,Adjective,*
약삭빠르,Adjective,*
약삭스럽,Adjective,*
약싹빠르,Adjective,*
약아빠지,Adjective,*
약하,Adjective,*
약허,Adjective,*
얄궂,Adjective,*
얄따랗,Adjective,*
얄망스럽,Adjective,*
얄밉,Adjective,*
얄밉상스럽,Adjective,*
얄짤없,Adjective,*
얄팍스럽,Adjective,*
얇,Adjective,*
얇다랗,Adjective,*
얇디얇,Adjective,*
얌전스럽,Adjective,*
얌전하,Adjective,*
얍삽하,Adjective,*
양,Adjective,*
양대,Adjective,*
양지바르,Adjective,*
얕,Adjective,*
얕다랗,Adjective,*
얕디얕,Adjective,*
얕으막하,Adjective,*
어긋맞,Adjective,*
어기차,Adjective,*
어김없,Adjective,*
어뀫,Adjective,*
어나,Adjective,*
어느,Adjective,*
어느어느,Adjective,*
어는,Adjective,*
어더렇,Adjective,*
어둑스레하,Adjective,*
어둑시근하,Adjective,*
어둑어둑하,Adjective,*
어둡,Adjective,*
어드렇,Adjective,*
어딨,Adjective,*
어떠,Adjective,*
어떠어떻,Adjective,*
어떠하,Adjective,*
어떤,Adjective,*
어떨,Adjective,*
어떻,Adjective,*
어떻,Adjective,*
어떻하,Adjective,*
어뜬,Adjective,*
어띃,Adjective,*
어럽,Adjective,*
어렵,Adjective,*
어룽지,Adjective,*
어리,Adjective,*
어리벙벙하,Adjective,*
어리석,Adjective,*
어리셕,Adjective,*
어리숙하,Adjective,*
어림없,Adjective,*
어마,Adjective,*
어만,Adjective,*
어설프,Adjective,*
어스름하,Adjective,*
어슬프,Adjective,*
어여쁘,Adjective,*
어울리,Adjective,*
어이없,Adjective,*
어인,Adjective,*
어정뜨,Adjective,*
어줍,Adjective,*
어줍잖,Adjective,*
어중되,Adjective,*
어중띠,Adjective,*
어지럽,Adjective,*
어질,Adjective,*
어쩐,Adjective,*
어쩔,Adjective,*
어쩧,Adjective,*
어쭙,Adjective,*
어쭙잖,Adjective,*
어쭙지않,Adjective,*
어처구니없,Adjective,*
어푸수수하,Adjective,*
억,Adjective,*
억만,Adjective,*
억세,Adjective,*
억수같,Adjective,*
억조,Adjective,*
억척같,Adjective,*
억척스럽,Adjective,*
억천만,Adjective,*
언,Adjective,*
언덕지,Adjective,*
언짢,Adjective,*
언찮,Adjective,*
얻,Adjective,*
얼들,Adjective,*
얼뜨,Adjective,*
얼큰하,Adjective,*
얼토당토안하,Adjective,*
얼토당토않,Adjective,*
엄전스럽,Adjective,*
엄청나,Adjective,*
엄청스럽,Adjective,*
엄하,Adjective,*
없,Adjective,*
없다,Adjective,*
없잖,Adjective,*
엇지,Adjective,*
엉거주춤하,Adjective,*
엉뚱스럽,Adjective,*
엉성궂,Adjective,*
엉성스럽,Adjective,*
엉큼스럽,Adjective,*
엉터리없,Adjective,*
에굽,Adjective,*
에리,Adjective,*
에문,Adjective,*
엔간하,Adjective,*
엥간하,Adjective,*
여,Adjective,*
여깄,Adjective,*
여나무,Adjective,*
여남,Adjective,*
여남은,Adjective,*
여남은째,Adjective,*
여남째,Adjective,*
여느,Adjective,*
여늬,Adjective,*
여덜아홉,Adjective,*
여덟,Adjective,*
여덟아홉,Adjective,*
여덟아홉째,Adjective,*
여덟째,Adjective,*
여든,Adjective,*
여라문,Adjective,*
여러,Adjective,*
여리,Adjective,*
여리디여리,Adjective,*
여무지,Adjective,*
여물,Adjective,*
여물딱지,Adjective,*
여북하,Adjective,*
여뿌,Adjective,*
여상스럽,Adjective,*
여서일곱,Adjective,*
여서일곱째,Adjective,*
여섯,Adjective,*
여섯째,Adjective,*
여순,Adjective,*
여여하,Adjective,*
여유롭,Adjective,*
여유있,Adjective,*
여의찮,Adjective,*
여의ㅎ,Adjective,*
여지없,Adjective,*
여차직하,Adjective,*
역겨웁,Adjective,*
역겹,Adjective,*
역스럽,Adjective,*
역정스럽,Adjective,*
역하,Adjective,*
연,Adjective,*
연노랗,Adjective,*
연붉,Adjective,*
연푸르,Adjective,*
연하,Adjective,*
엳아홉,Adjective,*
엳아홉째,Adjective,*
열,Adjective,*
열광스럽,Adjective,*
열네,Adjective,*
열두,Adjective,*
열두어,Adjective,*
열두째,Adjective,*
열둘째,Adjective,*
열따랗,Adjective,*
열띠,Adjective,*
열세,Adjective,*
열아문,Adjective,*
열없,Adjective,*
열적,Adjective,*
열째,Adjective,*
열쩍,Adjective,*
열퉁적,Adjective,*
열퉁쩍,Adjective,*
열하,Adjective,*
열한,Adjective,*
열한째,Adjective,*
엷,Adjective,*
엷붉,Adjective,*
염병할,Adjective,*
염치없,Adjective,*
염하,Adjective,*
엿,Adjective,*
엿같,Adjective,*
영,Adjective,*
영걸스럽,Adjective,*
영검스럽,Adjective,*
영락없,Adjective,*
영맹스럽,Adjective,*
영민스럽,Adjective,*
영성스럽,Adjective,*
영악스럽,Adjective,*
영예스럽,Adjective,*
영특스럽,Adjective,*
영하,Adjective,*
영험스럽,Adjective,*
옅,Adjective,*
옅디옅,Adjective,*
예,Adjective,*
예닐곱,Adjective,*
예닐곱째,Adjective,*
예뿌,Adjective,*
예쁘,Adjective,*
예쁘장스럽,Adjective,*
예쁘장하,Adjective,*
예사스럽,Adjective,*
예수남은,Adjective,*
예순,Adjective,*
예순한,Adjective,*
예스럽,Adjective,*
예일곱,Adjective,*
옛,Adjective,*
옛스럽,Adjective,*
오,Adjective,*
오는,Adjective,*
오달지,Adjective,*
오대,Adjective,*
오래,Adjective,*
오래되,Adjective,*
오랜,Adjective,*
오랫,Adjective,*
오륙,Adjective,*
오른,Adjective,*
오만,Adjective,*
오망스럽,Adjective,*
오목하,Adjective,*
오방지,Adjective,*
오십,Adjective,*
오십여,Adjective,*
오오랜,Adjective,*
오죽잖,Adjective,*
오죽하,Adjective,*
오지,Adjective,*
옥,Adjective,*
온,Adjective,*
온간,Adjective,*
온갓,Adjective,*
온갖,Adjective,*
온데간데없,Adjective,*
온유스럽,Adjective,*
온화롭,Adjective,*
온화스럽,Adjective,*
온후스럽,Adjective,*
올,Adjective,*
올곧,Adjective,*
올곧잖,Adjective,*
올바르,Adjective,*
올차,Adjective,*
옳,Adjective,*
옳바르,Adjective,*
옴팡지,Adjective,*
옹골지,Adjective,*
옹골차,Adjective,*
옹글,Adjective,*
옹색스럽,Adjective,*
옹졸스럽,Adjective,*
옹차,Adjective,*
와이,Adjective,*
왁살스럽,Adjective,*
완고스럽,Adjective,*
완만스럽,Adjective,*
완벽스럽,Adjective,*
왜퉁스럽,Adjective,*
왠,Adjective,*
외,Adjective,*
외경스럽,Adjective,*
외따롭,Adjective,*
외딴,Adjective,*
외람되,Adjective,*
외람스럽,Adjective,*
외롭,Adjective,*
외지,Adjective,*
왼,Adjective,*
왼갖,Adjective,*
요,Adjective,*
요기스럽,Adjective,*
요까짓,Adjective,*
요깟,Adjective,*
요따위,Adjective,*
요딴,Adjective,*
요란스럽,Adjective,*
요런,Adjective,*
요런조런,Adjective,*
요렇,Adjective,*
요론,Adjective,*
요만,Adjective,*
요망스럽,Adjective,*
요사스럽,Adjective,*
요상스럽,Adjective,*
요상하,Adjective,*
요상허,Adjective,*
요행스럽,Adjective,*
용감스럽,Adjective,*
용렬스럽,Adjective,*
용천맞,Adjective,*
용천스럽,Adjective,*
용하,Adjective,*
용허,Adjective,*
우둔스럽,Adjective,*
우람스럽,Adjective,*
우람지,Adjective,*
우람차,Adjective,*
우렁차,Adjective,*
우리하,Adjective,*
우섭,Adjective,*
우세스럽,Adjective,*
우수꽝스럽,Adjective,*
우숩,Adjective,*
우스꽝스럽,Adjective,*
우습,Adjective,*
우습광스럽,Adjective,*
우습꽝스럽,Adjective,*
우아스럽,Adjective,*
우악스럽,Adjective,*
우연찮,Adjective,*
우중충하,Adjective,*
우직스럽,Adjective,*
우쭈렁하,Adjective,*
우하,Adjective,*
욱,Adjective,*
울,Adjective,*
움푹지,Adjective,*
웁,Adjective,*
웂,Adjective,*
웃,Adjective,*
웅숭깊,Adjective,*
워느,Adjective,*
워떤,Adjective,*
워떻,Adjective,*
워뗳,Adjective,*
원,Adjective,*
웬,Adjective,*
웬간하,Adjective,*
위두하,Adjective,*
위풍스럽,Adjective,*
윗,Adjective,*
유난스럽,Adjective,*
유다르,Adjective,*
유례없,Adjective,*
유머러스하,Adjective,*
유별나,Adjective,*
유별스럽,Adjective,*
유세,Adjective,*
유하,Adjective,*
육,Adjective,*
육시랄,Adjective,*
육십,Adjective,*
육십여,Adjective,*
육중스럽,Adjective,*
육칠,Adjective,*
으딨,Adjective,*
으떤,Adjective,*
으떻,Adjective,*
으뜨,Adjective,*
으뜬,Adjective,*
으스름하,Adjective,*
은근스럽,Adjective,*
은밀스럽,Adjective,*
을씨년스럽,Adjective,*
을씨년하,Adjective,*
음산스럽,Adjective,*
음충맞,Adjective,*
음침스럽,Adjective,*
음하,Adjective,*
음흉스럽,Adjective,*
읎,Adjective,*
응달지,Adjective,*
의롭,Adjective,*
의뭉스럽,Adjective,*
의심쩍,Adjective,*
의아롭,Adjective,*
의아스럽,Adjective,*
의젓잖,Adjective,*
의좋,Adjective,*
이,Adjective,*
이,Adjective,*
이까짓,Adjective,*
이깐,Adjective,*
이깟,Adjective,*
이대,Adjective,*
이따위,Adjective,*
이딴,Adjective,*
이러,Adjective,*
이러이러하,Adjective,*
이러저러하,Adjective,*
이러저런,Adjective,*
이러저렇,Adjective,*
이러하,Adjective,*
이런,Adjective,*
이런저런,Adjective,*
이렇,Adjective,*
이롭,Adjective,*
이룻,Adjective,*
이르,Adjective,*
이르렇,Adjective,*
이릏,Adjective,*
이마,Adjective,*
이만,Adjective,*
이물스럽,Adjective,*
이쁘,Adjective,*
이쁘장스럽,Adjective,*
이삼,Adjective,*
이상스럽,Adjective,*
이십,Adjective,*
이십여,Adjective,*
이악스럽,Adjective,*
이옇,Adjective,*
이윽하,Adjective,*
이지랑스럽,Adjective,*
이지러,Adjective,*
이채롭,Adjective,*
익,Adjective,*
익살맞,Adjective,*
인상깊,Adjective,*
인자스럽,Adjective,*
인정사정없,Adjective,*
일,Adjective,*
일고여덟,Adjective,*
일고여덟째,Adjective,*
일곱,Adjective,*
일곱여덟째,Adjective,*
일곱째,Adjective,*
일대,Adjective,*
일매지,Adjective,*
일백,Adjective,*
일백여,Adjective,*
일없,Adjective,*
일여덟,Adjective,*
일여덟째,Adjective,*
일이,Adjective,*
일천,Adjective,*
일천여,Adjective,*
일흔,Adjective,*
읽,Adjective,*
입,Adjective,*
입바르,Adjective,*
입빠르,Adjective,*
잇,Adjective,*
있,Adjective,*
자,Adjective,*
자그럽,Adjective,*
자그맣,Adjective,*
자깝스럽,Adjective,*
자다랗,Adjective,*
자디잘,Adjective,*
자리,Adjective,*
자발스럽,Adjective,*
자발없,Adjective,*
자별나,Adjective,*
자상스럽,Adjective,*
자알나,Adjective,*
자애롭,Adjective,*
자유롭,Adjective,*
자자분하,Adjective,*
자잔하,Adjective,*
자혜롭,Adjective,*
작,Adjective,*
작,Adjective,*
작다랗,Adjective,*
작디작,Adjective,*
잔망스럽,Adjective,*
잔밉,Adjective,*
잔인스럽,Adjective,*
잔조름하,Adjective,*
잗다랗,Adjective,*
잗닿,Adjective,*
잘,Adjective,*
잘나,Adjective,*
잘다랗,Adjective,*
잘디잘,Adjective,*
잘룩하,Adjective,*
잘빠지,Adjective,*
잘생기,Adjective,*
잡되,Adjective,*
잡상스럽,Adjective,*
잡스럽,Adjective,*
장장,Adjective,*
장하,Adjective,*
장허,Adjective,*
장황스럽,Adjective,*
잦,Adjective,*
재,Adjective,*
재그럽,Adjective,*
재미나,Adjective,*
재미없,Adjective,*
재미있,Adjective,*
재밌,Adjective,*
재바르,Adjective,*
재빠르,Adjective,*
재사스럽,Adjective,*
재수없,Adjective,*
재싸,Adjective,*
잽싸,Adjective,*
쟁그랍,Adjective,*
쟁그럽,Adjective,*
저,Adjective,*
저깄,Adjective,*
저까짓,Adjective,*
저깟,Adjective,*
저따위,Adjective,*
저딴,Adjective,*
저떻,Adjective,*
저러,Adjective,*
저러하,Adjective,*
저런,Adjective,*
저렇,Adjective,*
저리,Adjective,*
저만,Adjective,*
저지난,Adjective,*
저질스럽,Adjective,*
저희,Adjective,*
적,Adjective,*
적막스럽,Adjective,*
적요롭,Adjective,*
적잖,Adjective,*
전,Adjective,*
전전,Adjective,*
젊,Adjective,*
젊디젊,Adjective,*
젊잖,Adjective,*
점잖,Adjective,*
정갈스럽,Adjective,*
정겨웁,Adjective,*
정겹,Adjective,*
정교롭,Adjective,*
정답,Adjective,*
정신없,Adjective,*
정예롭,Adjective,*
정하,Adjective,*
젖,Adjective,*
제,Adjective,*
제까짓,Adjective,*
제깟,Adjective,*
제미붙을,Adjective,*
제밀할,Adjective,*
젠장맞을,Adjective,*
젠장칠,Adjective,*
조,Adjective,*
조,Adjective,*
조고맣,Adjective,*
조그만씩하,Adjective,*
조그만하,Adjective,*
조그많,Adjective,*
조그맣,Adjective,*
조까짓,Adjective,*
조깟,Adjective,*
조따위,Adjective,*
조딴,Adjective,*
조런,Adjective,*
조렇,Adjective,*
조마조마하,Adjective,*
조만,Adjective,*
조붓하,Adjective,*
조신스럽,Adjective,*
조악스럽,Adjective,*
조야스럽,Adjective,*
조옷,Adjective,*
조옿,Adjective,*
조잡스럽,Adjective,*
족,Adjective,*
족하,Adjective,*
존,Adjective,*
졸리,Adjective,*
졸립,Adjective,*
좀되,Adjective,*
좀상스럽,Adjective,*
좀스럽,Adjective,*
좁,Adjective,*
좁다랗,Adjective,*
좁디좁,Adjective,*
좁아터지,Adjective,*
종요롭,Adjective,*
좆같,Adjective,*
좆나,Adjective,*
좋,Adjective,*
좋아하,Adjective,*
좋찮,Adjective,*
죄꼬맣,Adjective,*
죄송스럽,Adjective,*
죠,Adjective,*
주,Adjective,*
주되,Adjective,*
주된,Adjective,*
주옥같,Adjective,*
주요,Adjective,*
주의깊,Adjective,*
주제넘,Adjective,*
주착없,Adjective,*
주책없,Adjective,*
주체스럽,Adjective,*
줄,Adjective,*
줄기차,Adjective,*
중뿔나,Adjective,*
중하,Adjective,*
중허,Adjective,*
즈,Adjective,*
즈믄,Adjective,*
즉,Adjective,*
즉석,Adjective,*
즐거웁,Adjective,*
즐겁,Adjective,*
즐기차,Adjective,*
즘잖,Adjective,*
증하,Adjective,*
지,Adjective,*
지,Adjective,*
지각없,Adjective,*
지겹,Adjective,*
지극스럽,Adjective,*
지긋지긋하,Adjective,*
지까짓,Adjective,*
지나치,Adjective,*
지난,Adjective,*
지대,Adjective,*
지더리적,Adjective,*
지독스럽,Adjective,*
지랄같,Adjective,*
지리,Adjective,*
지리하,Adjective,*
지성스럽,Adjective,*
지악스럽,Adjective,*
지저분스럽,Adjective,*
지지난,Adjective,*
진배없,Adjective,*
진실되,Adjective,*
진정하,Adjective,*
진푸르,Adjective,*
진하,Adjective,*
질,Adjective,*
질기,Adjective,*
질탕스럽,Adjective,*
질퍽지,Adjective,*
집,Adjective,*
집지,Adjective,*
짓궂,Adjective,*
짓꿎,Adjective,*
징그랍,Adjective,*
징그랗,Adjective,*
징그럽,Adjective,*
징글맞,Adjective,*
징글스럽,Adjective,*
징하,Adjective,*
징허,Adjective,*
짖궂,Adjective,*
짙,Adjective,*
짙노랗,Adjective,*
짙디짙,Adjective,*
짙붉,Adjective,*
짙푸르,Adjective,*
짙푸르르,Adjective,*
짚,Adjective,*
짜,Adjective,*
짜디짜,Adjective,*
짜르,Adjective,*
짜잔하,Adjective,*
짜하,Adjective,*
짝,Adjective,*
짠하,Adjective,*
짤따랗,Adjective,*
짤루,Adjective,*
짧,Adjective,*
짧디짧,Adjective,*
짬짬하,Adjective,*
째그맣,Adjective,*
째지,Adjective,*
째째하,Adjective,*
쨍하,Adjective,*
쩔,Adjective,*
쪼그맣,Adjective,*
쪼꼬마,Adjective,*
쪼끄맣,Adjective,*
쪼잖하,Adjective,*
쫀쫀하,Adjective,*
쬐그맣,Adjective,*
쬐끄만하,Adjective,*
쬐끄맣,Adjective,*
찌릇하,Adjective,*
찌릿하,Adjective,*
찌뿌두둥하,Adjective,*
찌뿌둥하,Adjective,*
찐하,Adjective,*
찡하,Adjective,*
차,Adjective,*
차갑,Adjective,*
차겁,Adjective,*
차디차,Adjective,*
차지,Adjective,*
차질,Adjective,*
착하,Adjective,*
착허,Adjective,*
찬연스럽,Adjective,*
찰지,Adjective,*
참담스럽,Adjective,*
참답,Adjective,*
참되,Adjective,*
참람스럽,Adjective,*
참하,Adjective,*
찹,Adjective,*
찹찹하,Adjective,*
창의롭,Adjective,*
찾,Adjective,*
채신머리없,Adjective,*
채신사납,Adjective,*
처량스럽,Adjective,*
처신사납,Adjective,*
처연스럽,Adjective,*
척하,Adjective,*
천,Adjective,*
천덕스럽,Adjective,*
천박스럽,Adjective,*
천여,Adjective,*
천연덕스럽,Adjective,*
천연스럽,Adjective,*
천진스럽,Adjective,*
천하,Adjective,*
천허,Adjective,*
철겹,Adjective,*
철벽같,Adjective,*
철석같,Adjective,*
철없,Adjective,*
철통같,Adjective,*
첫,Adjective,*
첫째,Adjective,*
첫쨋,Adjective,*
청승맞,Adjective,*
청승스럽,Adjective,*
초라스럽,Adjective,*
초롱초롱하,Adjective,*
초조롭,Adjective,*
초조스럽,Adjective,*
촌스럽,Adjective,*
촌시럽,Adjective,*
총,Adjective,*
추물스럽,Adjective,*
추악스럽,Adjective,*
추잡스럽,Adjective,*
추접스럽,Adjective,*
추지,Adjective,*
추하,Adjective,*
출중나,Adjective,*
춥,Adjective,*
충직스럽,Adjective,*
측은스럽,Adjective,*
치사스럽,Adjective,*
치신사납,Adjective,*
치우,Adjective,*
치째지,Adjective,*
친하,Adjective,*
칠,Adjective,*
칠십,Adjective,*
칠십여,Adjective,*
칠칠맞,Adjective,*
칠칠찮,Adjective,*
칠팔,Adjective,*
침통스럽,Adjective,*
칩,Adjective,*
캄캄하,Adjective,*
커다랗,Adjective,*
커닿,Adjective,*
케케묵,Adjective,*
켸켸묵,Adjective,*
쾌쾌하,Adjective,*
쾌하,Adjective,*
쾡하,Adjective,*
쿠리,Adjective,*
쿨하,Adjective,*
쿰쿰하,Adjective,*
퀭하,Adjective,*
크,Adjective,*
크나크,Adjective,*
크다랗,Adjective,*
크단하,Adjective,*
크디크,Adjective,*
큰일나,Adjective,*
타,Adjective,*
타이트하,Adjective,*
탁하,Adjective,*
탐스럽,Adjective,*
탐탁스럽,Adjective,*
태연스럽,Adjective,*
태평스럽,Adjective,*
터무니없,Adjective,*
턱없,Adjective,*
텀턱시럽,Adjective,*
통쾌스럽,Adjective,*
통탄스럽,Adjective,*
투명스럽,Adjective,*
투박스럽,Adjective,*
투텁,Adjective,*
툭박지,Adjective,*
퉁글,Adjective,*
퉁망스럽,Adjective,*
퉁명스럽,Adjective,*
특별나,Adjective,*
특정한,Adjective,*
특출나,Adjective,*
틀리,Adjective,*
틀림없,Adjective,*
틀지,Adjective,*
틉틉허,Adjective,*
티껍,Adjective,*
파랗,Adjective,*
파렴치스럽,Adjective,*
파아랗,Adjective,*
판설,Adjective,*
팔,Adjective,*
팔구,Adjective,*
팔십,Adjective,*
팔십여,Adjective,*
패,Adjective,*
패악스럽,Adjective,*
퍼렇,Adjective,*
퍼르스름하,Adjective,*
퍼어렇,Adjective,*
펀펀하,Adjective,*
펑퍼지,Adjective,*
펜허,Adjective,*
편벽되,Adjective,*
편찮,Adjective,*
편ㅎ,Adjective,*
편하,Adjective,*
편허,Adjective,*
편협되,Adjective,*
편히,Adjective,*
폐스럽,Adjective,*
포악스럽,Adjective,*
폭넓,Adjective,*
표독스럽,Adjective,*
표현,Adjective,*
푸닥지,Adjective,*
푸더분하,Adjective,*
푸르,Adjective,*
푸르디푸르,Adjective,*
푸르르,Adjective,*
푸지,Adjective,*
푸하,Adjective,*
푼푼하,Adjective,*
품위있,Adjective,*
풋되,Adjective,*
풍만스럽,Adjective,*
풍미롭,Adjective,*
풍성스럽,Adjective,*
피어리,Adjective,*
필요없,Adjective,*
하,Adjective,*
하고많,Adjective,*
하고프,Adjective,*
하고하,Adjective,*
하나같,Adjective,*
하릴없,Adjective,*
하많,Adjective,*
하야말갛,Adjective,*
하얗,Adjective,*
하염없,Adjective,*
하이얗,Adjective,*
하이하,Adjective,*
하잘것없,Adjective,*
하찮,Adjective,*
하치않,Adjective,*
한,Adjective,*
한가롭,Adjective,*
한가스럽,Adjective,*
한갓,Adjective,*
한갓되,Adjective,*
한갓지,Adjective,*
한개,Adjective,*
한결같,Adjective,*
한낱,Adjective,*
한다는,Adjective,*
한다하는,Adjective,*
한두,Adjective,*
한두어,Adjective,*
한두째,Adjective,*
한량없,Adjective,*
한스럽,Adjective,*
한심스럽,Adjective,*
한없,Adjective,*
한째,Adjective,*
한탄스럽,Adjective,*
한하,Adjective,*
할갑,Adjective,*
할랑하,Adjective,*
해,Adjective,*
해롭,Adjective,*
해말갛,Adjective,*
해맑,Adjective,*
해묵,Adjective,*
해밝,Adjective,*
해사스럽,Adjective,*
해이하,Adjective,*
햇갈리,Adjective,*
햐얗,Adjective,*
향그럽,Adjective,*
허구많,Adjective,*
허구허,Adjective,*
허랑방탕스럽,Adjective,*
허망되,Adjective,*
허망스럽,Adjective,*
허물없,Adjective,*
허벌나,Adjective,*
허수룩하,Adjective,*
허여멀겋,Adjective,*
허옇,Adjective,*
허울좋,Adjective,*
허이옇,Adjective,*
허잘것없,Adjective,*
허접스럽,Adjective,*
허탈스럽,Adjective,*
허튼,Adjective,*
허하,Adjective,*
허허롭,Adjective,*
허황되,Adjective,*
허황스럽,Adjective,*
헌,Adjective,*
헌걸차,Adjective,*
헐겁,Adjective,*
헐벗,Adjective,*
헐수할수없,Adjective,*
헐하,Adjective,*
헐허,Adjective,*
험상궂,Adjective,*
험상궃,Adjective,*
험상스럽,Adjective,*
험악스럽,Adjective,*
험하,Adjective,*
험허,Adjective,*
헛되,Adjective,*
헤벌어지,Adjective,*
헤식,Adjective,*
헤프,Adjective,*
혁혁하,Adjective,*
현,Adjective,*
현란스럽,Adjective,*
혐오스럽,Adjective,*
혐의스럽,Adjective,*
형편없,Adjective,*
호동그랗,Adjective,*
호되,Adjective,*
호리호리하,Adjective,*
호화롭,Adjective,*
호화스럽,Adjective,*
혹하,Adjective,*
혼곤하,Adjective,*
혼미롭,Adjective,*
홀하,Adjective,*
화기롭,Adjective,*
화끈하,Adjective,*
화안하,Adjective,*
환하,Adjective,*
활기차,Adjective,*
활발스럽,Adjective,*
황공스럽,Adjective,*
황당스럽,Adjective,*
황량스럽,Adjective,*
황막스럽,Adjective,*
황송스럽,Adjective,*
황홀스럽,Adjective,*
횅하,Adjective,*
회붐하,Adjective,*
횡하,Adjective,*
후덕스럽,Adjective,*
후덥,Adjective,*
후미지,Adjective,*
후지,Adjective,*
후하,Adjective,*
후허,Adjective,*
훤하,Adjective,*
훤허,Adjective,*
휑하,Adjective,*
휘둥그렇,Adjective,*
휘둥그리,Adjective,*
휘번하,Adjective,*
휘엿하,Adjective,*
휘황스럽,Adjective,*
흉망스럽,Adjective,*
흉맹스럽,Adjective,*
흉물스럽,Adjective,*
흉악망측스럽,Adjective,*
흉악스럽,Adjective,*
흉측스럽,Adjective,*
흉칙스럽,Adjective,*
흉포스럽,Adjective,*
흉하,Adjective,*
흐드러지,Adjective,*
흐리,Adjective,*
흐리디흐리,Adjective,*
흐무러지,Adjective,*
흐벅지,Adjective,*
흔,Adjective,*
흔들리우,Adjective,*
흔연스럽,Adjective,*
흔쾌스럽,Adjective,*
흔ㅎ,Adjective,*
흔하,Adjective,*
흖,Adjective,*
흠칠하,Adjective,*
흠허,Adjective,*
흡족스럽,Adjective,*
흥겹,Adjective,*
흥미롭,Adjective,*
희,Adjective,*
희디희,Adjective,*
희떱,Adjective,*
희맑,Adjective,*
희망차,Adjective,*
희멀겋,Adjective,*
희묽,Adjective,*
희부옇,Adjective,*
희뿌옇,Adjective,*
희푸르,Adjective,*
희한스럽,Adjective,*
힁하,Adjective,*
힘겹,Adjective,*
힘들,Adjective,*
힘세,Adjective,*
힘쎄,Adjective,*
힘없,Adjective,*
힘있,Adjective,*
힘지,Adjective,*
힘차,Adjective,*
ㅣㅆ,Adjective,*
