Column1,Column2,Column3
,,
한국기자협회,Noun
방통위,Noun
무개념,Noun
잼민,Noun
인권보,Noun
요린,Noun
사례집,Noun
이슈,Noun
며,Noun
불법촬영,Noun
몰카,Noun
유튜브,Noun
19일,Noun
뉴스,Noun
어리숙하거,Noun
아나운서,Noun
방송언어특위,Noun
무분별한,Noun
사회현상,Noun
고,Adverb
kbs,Foreign
sns,Foreign
한국기자협회,Noun
방통위,Noun
무개념,Noun
잼민,Noun
인권보,Noun
요린,Noun
사례집,Noun
이슈,Noun
며,Noun
불법촬영,Noun
몰카,Noun
유튜브,Noun
19일,Noun
뉴스,Noun
어리숙하거,Noun
아나운서,Noun
방송언어특위,Noun
무분별한,Noun
사회현상,Noun
고,Adverb
kbs,Foreign
sns,Foreign
한국기자협회,Noun
방통위,Noun
무개념,Noun
잼민,Noun
인권보,Noun
요린,Noun
사례집,Noun
이슈,Noun
며,Noun
불법촬영,Noun
몰카,Noun
유튜브,Noun
19일,Noun
뉴스,Noun
어리숙하거,Noun
아나운서,Noun
방송언어특위,Noun
무분별한,Noun
사회현상,Noun
고,Adverb
kbs,Foreign
sns,Foreign
한국기자협회,Noun
방통위,Noun
무개념,Noun
잼민,Noun
인권보,Noun
요린,Noun
사례집,Noun
이슈,Noun
며,Noun
불법촬영,Noun
몰카,Noun
유튜브,Noun
19일,Noun
뉴스,Noun
어리숙하거,Noun
아나운서,Noun
방송언어특위,Noun
무분별한,Noun
사회현상,Noun
고,Adverb
kbs,Foreign
sns,Foreign
한국기자협회,Noun
방통위,Noun
무개념,Noun
잼민,Noun
인권보,Noun
요린,Noun
사례집,Noun
이슈,Noun
며,Noun
불법촬영,Noun
몰카,Noun
유튜브,Noun
19일,Noun
뉴스,Noun
어리숙하거,Noun
아나운서,Noun
방송언어특위,Noun
무분별한,Noun
사회현상,Noun
고,Adverb
kbs,Foreign
sns,Foreign
한국기자협회,Noun
방통위,Noun
무개념,Noun
잼민,Noun
인권보,Noun
요린,Noun
사례집,Noun
이슈,Noun
며,Noun
불법촬영,Noun
몰카,Noun
유튜브,Noun
19일,Noun
뉴스,Noun
어리숙하거,Noun
아나운서,Noun
방송언어특위,Noun
무분별한,Noun
사회현상,Noun
고,Adverb
kbs,Foreign
sns,Foreign
한국기자협회,Noun
방통위,Noun
무개념,Noun
잼민,Noun
인권보,Noun
요린,Noun
사례집,Noun
이슈,Noun
며,Noun
불법촬영,Noun
몰카,Noun
유튜브,Noun
19일,Noun
뉴스,Noun
어리숙하거,Noun
아나운서,Noun
방송언어특위,Noun
무분별한,Noun
사회현상,Noun
고,Adverb
kbs,Foreign
sns,Foreign
뉴스,Noun
아나운서,Noun
잼민,Noun
19일,Noun
사례집,Noun
사회현상,Noun
방송언어특위,Noun
요린,Noun
불법촬영,Noun
한국기자협회,Noun
인권보,Noun
방통위,Noun
유튜브,Noun
며,Noun
이슈,Noun
몰카,Noun
신중해,Noun
무개념,Noun
어리숙하거,Noun
무분별한,Noun
고,Adverb
sns,Foreign
kbs,Foreign
이슈,Noun
뉴스,Noun
인권보,Noun
불법촬영,Noun
무개념,Noun
방통위,Noun
신중해,Noun
어리숙하거,Noun
아나운서,Noun
며,Noun
무분별한,Noun
19일,Noun
한국기자협회,Noun
잼민,Noun
요린,Noun
사례집,Noun
유튜브,Noun
몰카,Noun
방송언어특위,Noun
사회현상,Noun
고,Adverb
kbs,Foreign
sns,Foreign
방통위,Noun
방송언어특위,Noun
인권보,Noun
한국기자협회,Noun
잼민,Noun
어리숙하거,Noun
뉴스,Noun
불법촬영,Noun
며,Noun
사회현상,Noun
몰카,Noun
19일,Noun
무분별한,Noun
이슈,Noun
무개념,Noun
요린,Noun
아나운서,Noun
사례집,Noun
유튜브,Noun
고,Adverb
sns,Foreign
kbs,Foreign
방통위,Noun
방송언어특위,Noun
인권보,Noun
한국기자협회,Noun
잼민,Noun
어리숙하거,Noun
뉴스,Noun
불법촬영,Noun
며,Noun
사회현상,Noun
몰카,Noun
19일,Noun
무분별한,Noun
이슈,Noun
무개념,Noun
요린,Noun
아나운서,Noun
사례집,Noun
유튜브,Noun
고,Adverb
sns,Foreign
kbs,Foreign
무분별한,Noun
무개념,Noun
이슈,Noun
사회현상,Noun
잼민,Noun
아나운서,Noun
방통위,Noun
뉴스,Noun
유튜브,Noun
19일,Noun
어리숙하거,Noun
방송언어특위,Noun
몰카,Noun
사례집,Noun
인권보,Noun
요린,Noun
한국기자협회,Noun
신중해,Noun
불법촬영,Noun
며,Noun
고,Adverb
sns,Foreign
kbs,Foreign
사회현상,Noun
이슈,Noun
인권보,Noun
잼민,Noun
며,Noun
유튜브,Noun
방통위,Noun
아나운서,Noun
무분별한,Noun
한국기자협회,Noun
무개념,Noun
방송언어특위,Noun
불법촬영,Noun
뉴스,Noun
어리숙하거,Noun
19일,Noun
몰카,Noun
요린,Noun
사례집,Noun
고,Adverb
sns,Foreign
kbs,Foreign
무분별한,Noun
무개념,Noun
이슈,Noun
사회현상,Noun
잼민,Noun
아나운서,Noun
방통위,Noun
뉴스,Noun
유튜브,Noun
19일,Noun
어리숙하거,Noun
방송언어특위,Noun
몰카,Noun
사례집,Noun
인권보,Noun
요린,Noun
한국기자협회,Noun
신중해,Noun
불법촬영,Noun
며,Noun
고,Adverb
sns,Foreign
kbs,Foreign
사회현상,Noun
이슈,Noun
인권보,Noun
잼민,Noun
며,Noun
유튜브,Noun
방통위,Noun
아나운서,Noun
무분별한,Noun
한국기자협회,Noun
무개념,Noun
방송언어특위,Noun
불법촬영,Noun
뉴스,Noun
어리숙하거,Noun
19일,Noun
몰카,Noun
요린,Noun
사례집,Noun
고,Adverb
sns,Foreign
kbs,Foreign
사례집,Noun
무개념,Noun
어리숙하거,Noun
불법촬영,Noun
한국기자협회,Noun
아나운서,Noun
뉴스,Noun
몰카,Noun
며,Noun
인권보,Noun
방통위,Noun
19일,Noun
요린,Noun
이슈,Noun
신중해,Noun
사회현상,Noun
무분별한,Noun
유튜브,Noun
잼민,Noun
방송언어특위,Noun
고,Adverb
kbs,Foreign
sns,Foreign
nan,Foreign
nan,Foreign
신중해,Noun
불법촬영,Noun
몰카,Noun
어리숙하거,Noun
아나운서,Noun
잼민,Noun
방통위,Noun
요린,Noun
유튜브,Noun
무분별한,Noun
방송언어특위,Noun
무개념,Noun
며,Noun
뉴스,Noun
한국기자협회,Noun
인권보,Noun
19일,Noun
사회현상,Noun
사례집,Noun
이슈,Noun
고,Adverb
sns,Foreign
kbs,Foreign
신중해,Noun
불법촬영,Noun
몰카,Noun
어리숙하거,Noun
아나운서,Noun
잼민,Noun
방통위,Noun
요린,Noun
유튜브,Noun
무분별한,Noun
방송언어특위,Noun
무개념,Noun
며,Noun
뉴스,Noun
한국기자협회,Noun
인권보,Noun
19일,Noun
사회현상,Noun
사례집,Noun
이슈,Noun
고,Adverb
sns,Foreign
kbs,Foreign
신중해,Noun
불법촬영,Noun
몰카,Noun
어리숙하거,Noun
아나운서,Noun
잼민,Noun
방통위,Noun
요린,Noun
유튜브,Noun
무분별한,Noun
방송언어특위,Noun
무개념,Noun
며,Noun
뉴스,Noun
한국기자협회,Noun
인권보,Noun
19일,Noun
사회현상,Noun
사례집,Noun
이슈,Noun
고,Adverb
sns,Foreign
kbs,Foreign
신중해,Noun
불법촬영,Noun
몰카,Noun
어리숙하거,Noun
아나운서,Noun
잼민,Noun
방통위,Noun
요린,Noun
유튜브,Noun
무분별한,Noun
방송언어특위,Noun
무개념,Noun
며,Noun
뉴스,Noun
한국기자협회,Noun
인권보,Noun
19일,Noun
사회현상,Noun
사례집,Noun
이슈,Noun
고,Adverb
sns,Foreign
kbs,Foreign
잼민,Noun
어리숙하거,Noun
인권보,Noun
몰카,Noun
이슈,Noun
방통위,Noun
뉴스,Noun
무분별한,Noun
요린,Noun
아나운서,Noun
사회현상,Noun
유튜브,Noun
신중해,Noun
방송언어특위,Noun
며,Noun
불법촬영,Noun
사례집,Noun
한국기자협회,Noun
무개념,Noun
19일,Noun
고,Adverb
sns,Foreign
kbs,Foreign
며,Noun
19일,Noun
방송언어특위,Noun
몰카,Noun
유튜브,Noun
무분별한,Noun
사회현상,Noun
이슈,Noun
한국기자협회,Noun
방통위,Noun
어리숙하거,Noun
신중해,Noun
인권보,Noun
불법촬영,Noun
요린,Noun
사례집,Noun
잼민,Noun
무개념,Noun
아나운서,Noun
뉴스,Noun
고,Adverb
sns,Foreign
kbs,Foreign
며,Noun
19일,Noun
방송언어특위,Noun
몰카,Noun
유튜브,Noun
무분별한,Noun
사회현상,Noun
이슈,Noun
한국기자협회,Noun
방통위,Noun
어리숙하거,Noun
신중해,Noun
인권보,Noun
불법촬영,Noun
요린,Noun
사례집,Noun
잼민,Noun
무개념,Noun
아나운서,Noun
뉴스,Noun
고,Adverb
sns,Foreign
kbs,Foreign
며,Noun
19일,Noun
방송언어특위,Noun
몰카,Noun
유튜브,Noun
무분별한,Noun
사회현상,Noun
이슈,Noun
한국기자협회,Noun
방통위,Noun
어리숙하거,Noun
신중해,Noun
인권보,Noun
불법촬영,Noun
요린,Noun
사례집,Noun
잼민,Noun
무개념,Noun
아나운서,Noun
뉴스,Noun
고,Adverb
sns,Foreign
kbs,Foreign
인권보,Noun
불법촬영,Noun
잼민,Noun
며,Noun
19일,Noun
사례집,Noun
무분별한,Noun
방송언어특위,Noun
아나운서,Noun
무개념,Noun
유튜브,Noun
몰카,Noun
사회현상,Noun
어리숙하거,Noun
요린,Noun
한국기자협회,Noun
이슈,Noun
뉴스,Noun
신중해,Noun
방통위,Noun
고,Adverb
sns,Foreign
kbs,Foreign
인권보,Noun
불법촬영,Noun
잼민,Noun
며,Noun
19일,Noun
사례집,Noun
무분별한,Noun
방송언어특위,Noun
아나운서,Noun
무개념,Noun
유튜브,Noun
몰카,Noun
사회현상,Noun
어리숙하거,Noun
요린,Noun
한국기자협회,Noun
이슈,Noun
뉴스,Noun
신중해,Noun
방통위,Noun
고,Adverb
sns,Foreign
kbs,Foreign
